"TimeUTC","timestampInMs","requestPath","requestMethod","requestQueryString","responseStatusCode","requestId","requestUserAgent","level","environment","branch","vercelCache","type","function","host","deploymentDomain","deploymentId","durationMs","region","maxMemoryUsed","memorySize","message","projectId","traceId","sessionId","invocationId","instanceId","concurrency"
"2025-11-24 18:16:41",1764008201104,"inventory.apexitsolutions.co/api/api/settings/business/public","GET","",-1,"gmsck-1764008199979-b8fff2b30f95","Mozilla/5.0 (Windows NT 10.0; Win64; x64) AppleWebKit/537.36 (KHTML, like Gecko) Chrome/142.0.0.0 Safari/537.36","error","production","vercel-deploy","","lambda","/backend/server.js","inventory.apexitsolutions.co","inventory.apexitsolutions.co","dpl_6ibpUaJAQ8puz3gEFqiMitoA7zEy",-1,"iad1",-1,-1,"[dotenv@17.2.3] injecting env (0) from backend/.env -- tip: ‚öôÔ∏è  override existing env vars with { override: true }
[dotenv@17.2.3] injecting env (0) from .env -- tip: ‚öôÔ∏è  specify custom .env file path with { path: '/custom/path/.env' }
[DEBUG] Database Configuration:
Dialect: postgres
Host: aws-1-ap-northeast-2.pooler.supabase.com
Port: 5432
Database: postgres
User: postgres.yqzwfbufcmxzeqfbdlpf
SSL: true
SSL Reject Unauthorized: true
SSL Config: {
  ""require"": true,
  ""rejectUnauthorized"": true
}
[dotenv@17.2.3] injecting env (0) from backend/.env -- tip: üîÑ add secrets lifecycle management: https://dotenvx.com/ops
[dotenv@17.2.3] injecting env (0) from .env -- tip: üîê prevent building .env in docker: https://dotenvx.com/prebuild
[DEBUG] Database Configuration:
Dialect: postgres
Host: aws-1-ap-northeast-2.pooler.supabase.com
Port: 5432
Database: postgres
User: postgres.yqzwfbufcmxzeqfbdlpf
SSL: true
SSL Reject Unauthorized: true
SSL Config: {
  ""require"": true,
  ""rejectUnauthorized"": true
}
Error: Please install pg package manually
    at ConnectionManager._loadDialectModule (/var/task/backend/node_modules/sequelize/lib/dialects/abstract/connection-manager.js:55:15)
    at new ConnectionManager (/var/task/backend/node_modules/sequelize/lib/dialects/postgres/connection-manager.js:15:24)
    at new PostgresDialect (/var/task/backend/node_modules/sequelize/lib/dialects/postgres/index.js:13:30)
    at new Sequelize (/var/task/backend/node_modules/sequelize/lib/sequelize.js:194:20)
    at Object.<anonymous> (/var/task/backend/models/index.js:74:19)
    at Module.<anonymous> (/opt/rust/bytecode.js:2:1435)
    at A.l._compile (/opt/rust/bytecode.js:2:3182)
    at Object..js (node:internal/modules/cjs/loader:1839:10)
    at Module.load (node:internal/modules/cjs/loader:1441:32)
    at Function.<anonymous> (node:internal/modules/cjs/loader:1263:12)
Node.js process exited with exit status: 1. The logs above can help with debugging the issue.","prj_lDoEi9FfSoQ7g3ULmUEpdLvMO42v","","","01KAVHA1WHRCQPF9KDHECKV4FX","",-1
"2025-11-24 18:16:40",1764008200081,"inventory.apexitsolutions.co/api/api/settings/business/public","GET","",500,"gmsck-1764008199979-b8fff2b30f95","Mozilla/5.0 (Windows NT 10.0; Win64; x64) AppleWebKit/537.36 (KHTML, like Gecko) Chrome/142.0.0.0 Safari/537.36","error","production","vercel-deploy","","lambda","/backend/server.js","inventory.apexitsolutions.co","inventory.apexitsolutions.co","dpl_6ibpUaJAQ8puz3gEFqiMitoA7zEy",1004,"iad1",145,2048,"","prj_lDoEi9FfSoQ7g3ULmUEpdLvMO42v","","","01KAVHA1WHRCQPF9KDHECKV4FX","",1
"2025-11-24 18:16:35",1764008195118,"inventory.apexitsolutions.co/api/api/settings/business/public","GET","",-1,"v57np-1764008193978-7d03e29a8308","Mozilla/5.0 (Windows NT 10.0; Win64; x64) AppleWebKit/537.36 (KHTML, like Gecko) Chrome/142.0.0.0 Safari/537.36","error","production","vercel-deploy","","lambda","/backend/server.js","inventory.apexitsolutions.co","inventory.apexitsolutions.co","dpl_6ibpUaJAQ8puz3gEFqiMitoA7zEy",-1,"iad1",-1,-1,"[dotenv@17.2.3] injecting env (0) from backend/.env -- tip: ‚öôÔ∏è  enable debug logging with { debug: true }
[dotenv@17.2.3] injecting env (0) from .env -- tip: ‚öôÔ∏è  override existing env vars with { override: true }
[DEBUG] Database Configuration:
Dialect: postgres
Host: aws-1-ap-northeast-2.pooler.supabase.com
Port: 5432
Database: postgres
User: postgres.yqzwfbufcmxzeqfbdlpf
SSL: true
SSL Reject Unauthorized: true
SSL Config: {
  ""require"": true,
  ""rejectUnauthorized"": true
}
[dotenv@17.2.3] injecting env (0) from backend/.env -- tip: ‚öôÔ∏è  load multiple .env files with { path: ['.env.local', '.env'] }
[dotenv@17.2.3] injecting env (0) from .env -- tip: üóÇÔ∏è backup and recover secrets: https://dotenvx.com/ops
[DEBUG] Database Configuration:
Dialect: postgres
Host: aws-1-ap-northeast-2.pooler.supabase.com
Port: 5432
Database: postgres
User: postgres.yqzwfbufcmxzeqfbdlpf
SSL: true
SSL Reject Unauthorized: true
SSL Config: {
  ""require"": true,
  ""rejectUnauthorized"": true
}
Error: Please install pg package manually
    at ConnectionManager._loadDialectModule (/var/task/backend/node_modules/sequelize/lib/dialects/abstract/connection-manager.js:55:15)
    at new ConnectionManager (/var/task/backend/node_modules/sequelize/lib/dialects/postgres/connection-manager.js:15:24)
    at new PostgresDialect (/var/task/backend/node_modules/sequelize/lib/dialects/postgres/index.js:13:30)
    at new Sequelize (/var/task/backend/node_modules/sequelize/lib/sequelize.js:194:20)
    at Object.<anonymous> (/var/task/backend/models/index.js:74:19)
    at Module.<anonymous> (/opt/rust/bytecode.js:2:1435)
    at A.l._compile (/opt/rust/bytecode.js:2:3182)
    at Object..js (node:internal/modules/cjs/loader:1839:10)
    at Module.load (node:internal/modules/cjs/loader:1441:32)
    at Function.<anonymous> (node:internal/modules/cjs/loader:1263:12)
Node.js process exited with exit status: 1. The logs above can help with debugging the issue.","prj_lDoEi9FfSoQ7g3ULmUEpdLvMO42v","","","01KAVH9W117GE04N244WRVA89H","",-1
"2025-11-24 18:16:34",1764008194081,"inventory.apexitsolutions.co/api/api/settings/business/public","GET","",500,"v57np-1764008193978-7d03e29a8308","Mozilla/5.0 (Windows NT 10.0; Win64; x64) AppleWebKit/537.36 (KHTML, like Gecko) Chrome/142.0.0.0 Safari/537.36","error","production","vercel-deploy","","lambda","/backend/server.js","inventory.apexitsolutions.co","inventory.apexitsolutions.co","dpl_6ibpUaJAQ8puz3gEFqiMitoA7zEy",1018,"iad1",144,2048,"","prj_lDoEi9FfSoQ7g3ULmUEpdLvMO42v","","","01KAVH9W117GE04N244WRVA89H","",1
"2025-11-24 18:16:31",1764008191348,"inventory.apexitsolutions.co/api/api/settings/business/public","GET","",-1,"m55lf-1764008190189-4c871c89b179","Mozilla/5.0 (Windows NT 10.0; Win64; x64) AppleWebKit/537.36 (KHTML, like Gecko) Chrome/142.0.0.0 Safari/537.36","error","production","vercel-deploy","","lambda","/backend/server.js","inventory.apexitsolutions.co","inventory.apexitsolutions.co","dpl_6ibpUaJAQ8puz3gEFqiMitoA7zEy",-1,"iad1",-1,-1,"[dotenv@17.2.3] injecting env (0) from backend/.env -- tip: ‚öôÔ∏è  specify custom .env file path with { path: '/custom/path/.env' }
[dotenv@17.2.3] injecting env (0) from .env -- tip: ‚öôÔ∏è  override existing env vars with { override: true }
[DEBUG] Database Configuration:
Dialect: postgres
Host: aws-1-ap-northeast-2.pooler.supabase.com
Port: 5432
Database: postgres
User: postgres.yqzwfbufcmxzeqfbdlpf
SSL: true
SSL Reject Unauthorized: true
SSL Config: {
  ""require"": true,
  ""rejectUnauthorized"": true
}
[dotenv@17.2.3] injecting env (0) from backend/.env -- tip: üîê prevent building .env in docker: https://dotenvx.com/prebuild
[dotenv@17.2.3] injecting env (0) from .env -- tip: ‚öôÔ∏è  enable debug logging with { debug: true }
[DEBUG] Database Configuration:
Dialect: postgres
Host: aws-1-ap-northeast-2.pooler.supabase.com
Port: 5432
Database: postgres
User: postgres.yqzwfbufcmxzeqfbdlpf
SSL: true
SSL Reject Unauthorized: true
SSL Config: {
  ""require"": true,
  ""rejectUnauthorized"": true
}
Error: Please install pg package manually
    at ConnectionManager._loadDialectModule (/var/task/backend/node_modules/sequelize/lib/dialects/abstract/connection-manager.js:55:15)
    at new ConnectionManager (/var/task/backend/node_modules/sequelize/lib/dialects/postgres/connection-manager.js:15:24)
    at new PostgresDialect (/var/task/backend/node_modules/sequelize/lib/dialects/postgres/index.js:13:30)
    at new Sequelize (/var/task/backend/node_modules/sequelize/lib/sequelize.js:194:20)
    at Object.<anonymous> (/var/task/backend/models/index.js:74:19)
    at Module.<anonymous> (/opt/rust/bytecode.js:2:1435)
    at A.l._compile (/opt/rust/bytecode.js:2:3182)
    at Object..js (node:internal/modules/cjs/loader:1839:10)
    at Module.load (node:internal/modules/cjs/loader:1441:32)
    at Function.<anonymous> (node:internal/modules/cjs/loader:1263:12)
Node.js process exited with exit status: 1. The logs above can help with debugging the issue.","prj_lDoEi9FfSoQ7g3ULmUEpdLvMO42v","","","01KAVH9RAJ8NJJHK31QF98NX3F","",-1
"2025-11-24 18:16:30",1764008190290,"inventory.apexitsolutions.co/api/api/settings/business/public","GET","",500,"m55lf-1764008190189-4c871c89b179","Mozilla/5.0 (Windows NT 10.0; Win64; x64) AppleWebKit/537.36 (KHTML, like Gecko) Chrome/142.0.0.0 Safari/537.36","error","production","vercel-deploy","","lambda","/backend/server.js","inventory.apexitsolutions.co","inventory.apexitsolutions.co","dpl_6ibpUaJAQ8puz3gEFqiMitoA7zEy",1040,"iad1",144,2048,"","prj_lDoEi9FfSoQ7g3ULmUEpdLvMO42v","","","01KAVH9RAJ8NJJHK31QF98NX3F","",1
"2025-11-24 18:16:28",1764008188956,"inventory.apexitsolutions.co/api/api/settings/business/public","GET","",-1,"8pbnp-1764008187816-e466f54a267e","Mozilla/5.0 (Windows NT 10.0; Win64; x64) AppleWebKit/537.36 (KHTML, like Gecko) Chrome/142.0.0.0 Safari/537.36","error","production","vercel-deploy","","lambda","/backend/server.js","inventory.apexitsolutions.co","inventory.apexitsolutions.co","dpl_6ibpUaJAQ8puz3gEFqiMitoA7zEy",-1,"iad1",-1,-1,"[dotenv@17.2.3] injecting env (0) from backend/.env -- tip: üîê prevent committing .env to code: https://dotenvx.com/precommit
[dotenv@17.2.3] injecting env (0) from .env -- tip: üîê encrypt with Dotenvx: https://dotenvx.com
[DEBUG] Database Configuration:
Dialect: postgres
Host: aws-1-ap-northeast-2.pooler.supabase.com
Port: 5432
Database: postgres
User: postgres.yqzwfbufcmxzeqfbdlpf
SSL: true
SSL Reject Unauthorized: true
SSL Config: {
  ""require"": true,
  ""rejectUnauthorized"": true
}
[dotenv@17.2.3] injecting env (0) from backend/.env -- tip: üîê encrypt with Dotenvx: https://dotenvx.com
[dotenv@17.2.3] injecting env (0) from .env -- tip: ‚öôÔ∏è  override existing env vars with { override: true }
[DEBUG] Database Configuration:
Dialect: postgres
Host: aws-1-ap-northeast-2.pooler.supabase.com
Port: 5432
Database: postgres
User: postgres.yqzwfbufcmxzeqfbdlpf
SSL: true
SSL Reject Unauthorized: true
SSL Config: {
  ""require"": true,
  ""rejectUnauthorized"": true
}
Error: Please install pg package manually
    at ConnectionManager._loadDialectModule (/var/task/backend/node_modules/sequelize/lib/dialects/abstract/connection-manager.js:55:15)
    at new ConnectionManager (/var/task/backend/node_modules/sequelize/lib/dialects/postgres/connection-manager.js:15:24)
    at new PostgresDialect (/var/task/backend/node_modules/sequelize/lib/dialects/postgres/index.js:13:30)
    at new Sequelize (/var/task/backend/node_modules/sequelize/lib/sequelize.js:194:20)
    at Object.<anonymous> (/var/task/backend/models/index.js:74:19)
    at Module.<anonymous> (/opt/rust/bytecode.js:2:1435)
    at A.l._compile (/opt/rust/bytecode.js:2:3182)
    at Object..js (node:internal/modules/cjs/loader:1839:10)
    at Module.load (node:internal/modules/cjs/loader:1441:32)
    at Function.<anonymous> (node:internal/modules/cjs/loader:1263:12)
Node.js process exited with exit status: 1. The logs above can help with debugging the issue.","prj_lDoEi9FfSoQ7g3ULmUEpdLvMO42v","","","01KAVH9P0JBZ1B53DANY1T83JX","",-1
"2025-11-24 18:16:27",1764008187922,"inventory.apexitsolutions.co/api/api/settings/business/public","GET","",500,"8pbnp-1764008187816-e466f54a267e","Mozilla/5.0 (Windows NT 10.0; Win64; x64) AppleWebKit/537.36 (KHTML, like Gecko) Chrome/142.0.0.0 Safari/537.36","error","production","vercel-deploy","","lambda","/backend/server.js","inventory.apexitsolutions.co","inventory.apexitsolutions.co","dpl_6ibpUaJAQ8puz3gEFqiMitoA7zEy",1020,"iad1",145,2048,"","prj_lDoEi9FfSoQ7g3ULmUEpdLvMO42v","","","01KAVH9P0JBZ1B53DANY1T83JX","",1
"2025-11-24 18:16:25",1764008185142,"inventory.apexitsolutions.co/api/api/login","POST","",-1,"tlr2r-1764008183984-e26710913542","Mozilla/5.0 (Windows NT 10.0; Win64; x64) AppleWebKit/537.36 (KHTML, like Gecko) Chrome/142.0.0.0 Safari/537.36","error","production","vercel-deploy","","lambda","/backend/server.js","inventory.apexitsolutions.co","inventory.apexitsolutions.co","dpl_6ibpUaJAQ8puz3gEFqiMitoA7zEy",-1,"iad1",-1,-1,"[dotenv@17.2.3] injecting env (0) from backend/.env -- tip: üîê prevent committing .env to code: https://dotenvx.com/precommit
[dotenv@17.2.3] injecting env (0) from .env -- tip: ‚öôÔ∏è  specify custom .env file path with { path: '/custom/path/.env' }
[DEBUG] Database Configuration:
Dialect: postgres
Host: aws-1-ap-northeast-2.pooler.supabase.com
Port: 5432
Database: postgres
User: postgres.yqzwfbufcmxzeqfbdlpf
SSL: true
SSL Reject Unauthorized: true
SSL Config: {
  ""require"": true,
  ""rejectUnauthorized"": true
}
[dotenv@17.2.3] injecting env (0) from backend/.env -- tip: ‚öôÔ∏è  specify custom .env file path with { path: '/custom/path/.env' }
[dotenv@17.2.3] injecting env (0) from .env -- tip: üì° add observability to secrets: https://dotenvx.com/ops
[DEBUG] Database Configuration:
Dialect: postgres
Host: aws-1-ap-northeast-2.pooler.supabase.com
Port: 5432
Database: postgres
User: postgres.yqzwfbufcmxzeqfbdlpf
SSL: true
SSL Reject Unauthorized: true
SSL Config: {
  ""require"": true,
  ""rejectUnauthorized"": true
}
Error: Please install pg package manually
    at ConnectionManager._loadDialectModule (/var/task/backend/node_modules/sequelize/lib/dialects/abstract/connection-manager.js:55:15)
    at new ConnectionManager (/var/task/backend/node_modules/sequelize/lib/dialects/postgres/connection-manager.js:15:24)
    at new PostgresDialect (/var/task/backend/node_modules/sequelize/lib/dialects/postgres/index.js:13:30)
    at new Sequelize (/var/task/backend/node_modules/sequelize/lib/sequelize.js:194:20)
    at Object.<anonymous> (/var/task/backend/models/index.js:74:19)
    at Module.<anonymous> (/opt/rust/bytecode.js:2:1435)
    at A.l._compile (/opt/rust/bytecode.js:2:3182)
    at Object..js (node:internal/modules/cjs/loader:1839:10)
    at Module.load (node:internal/modules/cjs/loader:1441:32)
    at Function.<anonymous> (node:internal/modules/cjs/loader:1263:12)
Node.js process exited with exit status: 1. The logs above can help with debugging the issue.","prj_lDoEi9FfSoQ7g3ULmUEpdLvMO42v","","","01KAVH9J8YW3GNRVCB7S4N0X3M","",-1
"2025-11-24 18:16:24",1764008184094,"inventory.apexitsolutions.co/api/api/login","POST","",500,"tlr2r-1764008183984-e26710913542","Mozilla/5.0 (Windows NT 10.0; Win64; x64) AppleWebKit/537.36 (KHTML, like Gecko) Chrome/142.0.0.0 Safari/537.36","error","production","vercel-deploy","","lambda","/backend/server.js","inventory.apexitsolutions.co","inventory.apexitsolutions.co","dpl_6ibpUaJAQ8puz3gEFqiMitoA7zEy",1027,"iad1",145,2048,"","prj_lDoEi9FfSoQ7g3ULmUEpdLvMO42v","","","01KAVH9J8YW3GNRVCB7S4N0X3M","",1
"2025-11-24 18:16:19",1764008179209,"inventory.apexitsolutions.co/api/api/login","POST","",-1,"j2s97-1764008177978-8bbc415df603","Mozilla/5.0 (Windows NT 10.0; Win64; x64) AppleWebKit/537.36 (KHTML, like Gecko) Chrome/142.0.0.0 Safari/537.36","error","production","vercel-deploy","","lambda","/backend/server.js","inventory.apexitsolutions.co","inventory.apexitsolutions.co","dpl_6ibpUaJAQ8puz3gEFqiMitoA7zEy",-1,"iad1",-1,-1,"[dotenv@17.2.3] injecting env (0) from backend/.env -- tip: ‚öôÔ∏è  enable debug logging with { debug: true }
[dotenv@17.2.3] injecting env (0) from .env -- tip: üîê prevent committing .env to code: https://dotenvx.com/precommit
[DEBUG] Database Configuration:
Dialect: postgres
Host: aws-1-ap-northeast-2.pooler.supabase.com
Port: 5432
Database: postgres
User: postgres.yqzwfbufcmxzeqfbdlpf
SSL: true
SSL Reject Unauthorized: true
SSL Config: {
  ""require"": true,
  ""rejectUnauthorized"": true
}
[dotenv@17.2.3] injecting env (0) from backend/.env -- tip: üë• sync secrets across teammates & machines: https://dotenvx.com/ops
[dotenv@17.2.3] injecting env (0) from .env -- tip: üîê prevent building .env in docker: https://dotenvx.com/prebuild
[DEBUG] Database Configuration:
Dialect: postgres
Host: aws-1-ap-northeast-2.pooler.supabase.com
Port: 5432
Database: postgres
User: postgres.yqzwfbufcmxzeqfbdlpf
SSL: true
SSL Reject Unauthorized: true
SSL Config: {
  ""require"": true,
  ""rejectUnauthorized"": true
}
Error: Please install pg package manually
    at ConnectionManager._loadDialectModule (/var/task/backend/node_modules/sequelize/lib/dialects/abstract/connection-manager.js:55:15)
    at new ConnectionManager (/var/task/backend/node_modules/sequelize/lib/dialects/postgres/connection-manager.js:15:24)
    at new PostgresDialect (/var/task/backend/node_modules/sequelize/lib/dialects/postgres/index.js:13:30)
    at new Sequelize (/var/task/backend/node_modules/sequelize/lib/sequelize.js:194:20)
    at Object.<anonymous> (/var/task/backend/models/index.js:74:19)
    at Module.<anonymous> (/opt/rust/bytecode.js:2:1435)
    at A.l._compile (/opt/rust/bytecode.js:2:3182)
    at Object..js (node:internal/modules/cjs/loader:1839:10)
    at Module.load (node:internal/modules/cjs/loader:1441:32)
    at Function.<anonymous> (node:internal/modules/cjs/loader:1263:12)
Node.js process exited with exit status: 1. The logs above can help with debugging the issue.","prj_lDoEi9FfSoQ7g3ULmUEpdLvMO42v","","","01KAVH9CD24ZHSRD1WQ8RPZPT8","",-1
"2025-11-24 18:16:18",1764008178082,"inventory.apexitsolutions.co/api/api/login","POST","",500,"j2s97-1764008177978-8bbc415df603","Mozilla/5.0 (Windows NT 10.0; Win64; x64) AppleWebKit/537.36 (KHTML, like Gecko) Chrome/142.0.0.0 Safari/537.36","error","production","vercel-deploy","","lambda","/backend/server.js","inventory.apexitsolutions.co","inventory.apexitsolutions.co","dpl_6ibpUaJAQ8puz3gEFqiMitoA7zEy",1087,"iad1",146,2048,"","prj_lDoEi9FfSoQ7g3ULmUEpdLvMO42v","","","01KAVH9CD24ZHSRD1WQ8RPZPT8","",1
"2025-11-24 18:16:15",1764008175103,"inventory.apexitsolutions.co/api/api/login","POST","",-1,"v57np-1764008173897-37d3168f7172","Mozilla/5.0 (Windows NT 10.0; Win64; x64) AppleWebKit/537.36 (KHTML, like Gecko) Chrome/142.0.0.0 Safari/537.36","error","production","vercel-deploy","","lambda","/backend/server.js","inventory.apexitsolutions.co","inventory.apexitsolutions.co","dpl_6ibpUaJAQ8puz3gEFqiMitoA7zEy",-1,"iad1",-1,-1,"[dotenv@17.2.3] injecting env (0) from backend/.env -- tip: ‚öôÔ∏è  override existing env vars with { override: true }
[dotenv@17.2.3] injecting env (0) from .env -- tip: ‚öôÔ∏è  write to custom object with { processEnv: myObject }
[DEBUG] Database Configuration:
Dialect: postgres
Host: aws-1-ap-northeast-2.pooler.supabase.com
Port: 5432
Database: postgres
User: postgres.yqzwfbufcmxzeqfbdlpf
SSL: true
SSL Reject Unauthorized: true
SSL Config: {
  ""require"": true,
  ""rejectUnauthorized"": true
}
[dotenv@17.2.3] injecting env (0) from backend/.env -- tip: ‚öôÔ∏è  suppress all logs with { quiet: true }
[dotenv@17.2.3] injecting env (0) from .env -- tip: ‚öôÔ∏è  override existing env vars with { override: true }
[DEBUG] Database Configuration:
Dialect: postgres
Host: aws-1-ap-northeast-2.pooler.supabase.com
Port: 5432
Database: postgres
User: postgres.yqzwfbufcmxzeqfbdlpf
SSL: true
SSL Reject Unauthorized: true
SSL Config: {
  ""require"": true,
  ""rejectUnauthorized"": true
}
Error: Please install pg package manually
    at ConnectionManager._loadDialectModule (/var/task/backend/node_modules/sequelize/lib/dialects/abstract/connection-manager.js:55:15)
    at new ConnectionManager (/var/task/backend/node_modules/sequelize/lib/dialects/postgres/connection-manager.js:15:24)
    at new PostgresDialect (/var/task/backend/node_modules/sequelize/lib/dialects/postgres/index.js:13:30)
    at new Sequelize (/var/task/backend/node_modules/sequelize/lib/sequelize.js:194:20)
    at Object.<anonymous> (/var/task/backend/models/index.js:74:19)
    at Module.<anonymous> (/opt/rust/bytecode.js:2:1435)
    at A.l._compile (/opt/rust/bytecode.js:2:3182)
    at Object..js (node:internal/modules/cjs/loader:1839:10)
    at Module.load (node:internal/modules/cjs/loader:1441:32)
    at Function.<anonymous> (node:internal/modules/cjs/loader:1263:12)
Node.js process exited with exit status: 1. The logs above can help with debugging the issue.","prj_lDoEi9FfSoQ7g3ULmUEpdLvMO42v","","","01KAVH98DGN9MHD09J11DVAMJ7","",-1
"2025-11-24 18:16:14",1764008174000,"inventory.apexitsolutions.co/api/api/login","POST","",500,"v57np-1764008173897-37d3168f7172","Mozilla/5.0 (Windows NT 10.0; Win64; x64) AppleWebKit/537.36 (KHTML, like Gecko) Chrome/142.0.0.0 Safari/537.36","error","production","vercel-deploy","","lambda","/backend/server.js","inventory.apexitsolutions.co","inventory.apexitsolutions.co","dpl_6ibpUaJAQ8puz3gEFqiMitoA7zEy",1083,"iad1",144,2048,"","prj_lDoEi9FfSoQ7g3ULmUEpdLvMO42v","","","01KAVH98DGN9MHD09J11DVAMJ7","",1
"2025-11-24 18:16:12",1764008172582,"inventory.apexitsolutions.co/api/api/login","POST","",-1,"mc2sf-1764008171373-35a2cb8b9802","Mozilla/5.0 (Windows NT 10.0; Win64; x64) AppleWebKit/537.36 (KHTML, like Gecko) Chrome/142.0.0.0 Safari/537.36","error","production","vercel-deploy","","lambda","/backend/server.js","inventory.apexitsolutions.co","inventory.apexitsolutions.co","dpl_6ibpUaJAQ8puz3gEFqiMitoA7zEy",-1,"iad1",-1,-1,"[dotenv@17.2.3] injecting env (0) from backend/.env -- tip: ‚öôÔ∏è  enable debug logging with { debug: true }
[dotenv@17.2.3] injecting env (0) from .env -- tip: ‚öôÔ∏è  override existing env vars with { override: true }
[DEBUG] Database Configuration:
Dialect: postgres
Host: aws-1-ap-northeast-2.pooler.supabase.com
Port: 5432
Database: postgres
User: postgres.yqzwfbufcmxzeqfbdlpf
SSL: true
SSL Reject Unauthorized: true
SSL Config: {
  ""require"": true,
  ""rejectUnauthorized"": true
}
[dotenv@17.2.3] injecting env (0) from backend/.env -- tip: ‚öôÔ∏è  enable debug logging with { debug: true }
[dotenv@17.2.3] injecting env (0) from .env -- tip: üõ†Ô∏è  run anywhere with `dotenvx run -- yourcommand`
[DEBUG] Database Configuration:
Dialect: postgres
Host: aws-1-ap-northeast-2.pooler.supabase.com
Port: 5432
Database: postgres
User: postgres.yqzwfbufcmxzeqfbdlpf
SSL: true
SSL Reject Unauthorized: true
SSL Config: {
  ""require"": true,
  ""rejectUnauthorized"": true
}
Error: Please install pg package manually
    at ConnectionManager._loadDialectModule (/var/task/backend/node_modules/sequelize/lib/dialects/abstract/connection-manager.js:55:15)
    at new ConnectionManager (/var/task/backend/node_modules/sequelize/lib/dialects/postgres/connection-manager.js:15:24)
    at new PostgresDialect (/var/task/backend/node_modules/sequelize/lib/dialects/postgres/index.js:13:30)
    at new Sequelize (/var/task/backend/node_modules/sequelize/lib/sequelize.js:194:20)
    at Object.<anonymous> (/var/task/backend/models/index.js:74:19)
    at Module.<anonymous> (/opt/rust/bytecode.js:2:1435)
    at A.l._compile (/opt/rust/bytecode.js:2:3182)
    at Object..js (node:internal/modules/cjs/loader:1839:10)
    at Module.load (node:internal/modules/cjs/loader:1441:32)
    at Function.<anonymous> (node:internal/modules/cjs/loader:1263:12)
Node.js process exited with exit status: 1. The logs above can help with debugging the issue.","prj_lDoEi9FfSoQ7g3ULmUEpdLvMO42v","","","01KAVH95YX5Y0H7Y3SGPXFER3Q","",-1
"2025-11-24 18:16:11",1764008171485,"inventory.apexitsolutions.co/api/api/login","POST","",500,"mc2sf-1764008171373-35a2cb8b9802","Mozilla/5.0 (Windows NT 10.0; Win64; x64) AppleWebKit/537.36 (KHTML, like Gecko) Chrome/142.0.0.0 Safari/537.36","error","production","vercel-deploy","","lambda","/backend/server.js","inventory.apexitsolutions.co","inventory.apexitsolutions.co","dpl_6ibpUaJAQ8puz3gEFqiMitoA7zEy",1080,"iad1",145,2048,"","prj_lDoEi9FfSoQ7g3ULmUEpdLvMO42v","","","01KAVH95YX5Y0H7Y3SGPXFER3Q","",1
"2025-11-24 18:15:53",1764008153938,"inventory.apexitsolutions.co/api/api/login","POST","",-1,"9b92v-1764008152765-65b5120c2b5c","Mozilla/5.0 (Windows NT 10.0; Win64; x64) AppleWebKit/537.36 (KHTML, like Gecko) Chrome/142.0.0.0 Safari/537.36","error","production","vercel-deploy","","lambda","/backend/server.js","inventory.apexitsolutions.co","inventory.apexitsolutions.co","dpl_6ibpUaJAQ8puz3gEFqiMitoA7zEy",-1,"iad1",-1,-1,"[dotenv@17.2.3] injecting env (0) from backend/.env -- tip: ‚öôÔ∏è  write to custom object with { processEnv: myObject }
[dotenv@17.2.3] injecting env (0) from .env -- tip: ‚öôÔ∏è  write to custom object with { processEnv: myObject }
[DEBUG] Database Configuration:
Dialect: postgres
Host: aws-1-ap-northeast-2.pooler.supabase.com
Port: 5432
Database: postgres
User: postgres.yqzwfbufcmxzeqfbdlpf
SSL: true
SSL Reject Unauthorized: true
SSL Config: {
  ""require"": true,
  ""rejectUnauthorized"": true
}
[dotenv@17.2.3] injecting env (0) from backend/.env -- tip: üîë add access controls to secrets: https://dotenvx.com/ops
[dotenv@17.2.3] injecting env (0) from .env -- tip: ‚úÖ audit secrets and track compliance: https://dotenvx.com/ops
[DEBUG] Database Configuration:
Dialect: postgres
Host: aws-1-ap-northeast-2.pooler.supabase.com
Port: 5432
Database: postgres
User: postgres.yqzwfbufcmxzeqfbdlpf
SSL: true
SSL Reject Unauthorized: true
SSL Config: {
  ""require"": true,
  ""rejectUnauthorized"": true
}
Error: Please install pg package manually
    at ConnectionManager._loadDialectModule (/var/task/backend/node_modules/sequelize/lib/dialects/abstract/connection-manager.js:55:15)
    at new ConnectionManager (/var/task/backend/node_modules/sequelize/lib/dialects/postgres/connection-manager.js:15:24)
    at new PostgresDialect (/var/task/backend/node_modules/sequelize/lib/dialects/postgres/index.js:13:30)
    at new Sequelize (/var/task/backend/node_modules/sequelize/lib/sequelize.js:194:20)
    at Object.<anonymous> (/var/task/backend/models/index.js:74:19)
    at Module.<anonymous> (/opt/rust/bytecode.js:2:1435)
    at A.l._compile (/opt/rust/bytecode.js:2:3182)
    at Object..js (node:internal/modules/cjs/loader:1839:10)
    at Module.load (node:internal/modules/cjs/loader:1441:32)
    at Function.<anonymous> (node:internal/modules/cjs/loader:1263:12)
Node.js process exited with exit status: 1. The logs above can help with debugging the issue.","prj_lDoEi9FfSoQ7g3ULmUEpdLvMO42v","","","01KAVH8KS4CKZAF0HS3261XVFZ","",-1
"2025-11-24 18:15:52",1764008152868,"inventory.apexitsolutions.co/api/api/login","POST","",500,"9b92v-1764008152765-65b5120c2b5c","Mozilla/5.0 (Windows NT 10.0; Win64; x64) AppleWebKit/537.36 (KHTML, like Gecko) Chrome/142.0.0.0 Safari/537.36","error","production","vercel-deploy","","lambda","/backend/server.js","inventory.apexitsolutions.co","inventory.apexitsolutions.co","dpl_6ibpUaJAQ8puz3gEFqiMitoA7zEy",1048,"iad1",144,2048,"","prj_lDoEi9FfSoQ7g3ULmUEpdLvMO42v","","","01KAVH8KS4CKZAF0HS3261XVFZ","",1
"2025-11-24 18:15:48",1764008148958,"inventory.apexitsolutions.co/api/api/settings/business/public","GET","",-1,"vjt2l-1764008147819-f172c26c9716","Mozilla/5.0 (Windows NT 10.0; Win64; x64) AppleWebKit/537.36 (KHTML, like Gecko) Chrome/142.0.0.0 Safari/537.36","error","production","vercel-deploy","","lambda","/backend/server.js","inventory.apexitsolutions.co","inventory.apexitsolutions.co","dpl_6ibpUaJAQ8puz3gEFqiMitoA7zEy",-1,"iad1",-1,-1,"[dotenv@17.2.3] injecting env (0) from backend/.env -- tip: üîë add access controls to secrets: https://dotenvx.com/ops
[dotenv@17.2.3] injecting env (0) from .env -- tip: üîê prevent building .env in docker: https://dotenvx.com/prebuild
[DEBUG] Database Configuration:
Dialect: postgres
Host: aws-1-ap-northeast-2.pooler.supabase.com
Port: 5432
Database: postgres
User: postgres.yqzwfbufcmxzeqfbdlpf
SSL: true
SSL Reject Unauthorized: true
SSL Config: {
  ""require"": true,
  ""rejectUnauthorized"": true
}
[dotenv@17.2.3] injecting env (0) from backend/.env -- tip: ‚öôÔ∏è  suppress all logs with { quiet: true }
[dotenv@17.2.3] injecting env (0) from .env -- tip: ‚öôÔ∏è  load multiple .env files with { path: ['.env.local', '.env'] }
[DEBUG] Database Configuration:
Dialect: postgres
Host: aws-1-ap-northeast-2.pooler.supabase.com
Port: 5432
Database: postgres
User: postgres.yqzwfbufcmxzeqfbdlpf
SSL: true
SSL Reject Unauthorized: true
SSL Config: {
  ""require"": true,
  ""rejectUnauthorized"": true
}
Error: Please install pg package manually
    at ConnectionManager._loadDialectModule (/var/task/backend/node_modules/sequelize/lib/dialects/abstract/connection-manager.js:55:15)
    at new ConnectionManager (/var/task/backend/node_modules/sequelize/lib/dialects/postgres/connection-manager.js:15:24)
    at new PostgresDialect (/var/task/backend/node_modules/sequelize/lib/dialects/postgres/index.js:13:30)
    at new Sequelize (/var/task/backend/node_modules/sequelize/lib/sequelize.js:194:20)
    at Object.<anonymous> (/var/task/backend/models/index.js:74:19)
    at Module.<anonymous> (/opt/rust/bytecode.js:2:1435)
    at A.l._compile (/opt/rust/bytecode.js:2:3182)
    at Object..js (node:internal/modules/cjs/loader:1839:10)
    at Module.load (node:internal/modules/cjs/loader:1441:32)
    at Function.<anonymous> (node:internal/modules/cjs/loader:1263:12)
Node.js process exited with exit status: 1. The logs above can help with debugging the issue.","prj_lDoEi9FfSoQ7g3ULmUEpdLvMO42v","","","01KAVH8EYH4JVR13MRFN7PSGAT","",-1
"2025-11-24 18:15:47",1764008147921,"inventory.apexitsolutions.co/api/api/settings/business/public","GET","",500,"vjt2l-1764008147819-f172c26c9716","Mozilla/5.0 (Windows NT 10.0; Win64; x64) AppleWebKit/537.36 (KHTML, like Gecko) Chrome/142.0.0.0 Safari/537.36","error","production","vercel-deploy","","lambda","/backend/server.js","inventory.apexitsolutions.co","inventory.apexitsolutions.co","dpl_6ibpUaJAQ8puz3gEFqiMitoA7zEy",1024,"iad1",145,2048,"","prj_lDoEi9FfSoQ7g3ULmUEpdLvMO42v","","","01KAVH8EYH4JVR13MRFN7PSGAT","",1
"2025-11-24 18:15:47",1764008147900,"inventory.apexitsolutions.co/api/api/login","POST","",-1,"v57np-1764008146751-419b634e52e0","Mozilla/5.0 (Windows NT 10.0; Win64; x64) AppleWebKit/537.36 (KHTML, like Gecko) Chrome/142.0.0.0 Safari/537.36","error","production","vercel-deploy","","lambda","/backend/server.js","inventory.apexitsolutions.co","inventory.apexitsolutions.co","dpl_6ibpUaJAQ8puz3gEFqiMitoA7zEy",-1,"iad1",-1,-1,"[dotenv@17.2.3] injecting env (0) from backend/.env -- tip: üîë add access controls to secrets: https://dotenvx.com/ops
[dotenv@17.2.3] injecting env (0) from .env -- tip: üîê encrypt with Dotenvx: https://dotenvx.com
[DEBUG] Database Configuration:
Dialect: postgres
Host: aws-1-ap-northeast-2.pooler.supabase.com
Port: 5432
Database: postgres
User: postgres.yqzwfbufcmxzeqfbdlpf
SSL: true
SSL Reject Unauthorized: true
SSL Config: {
  ""require"": true,
  ""rejectUnauthorized"": true
}
[dotenv@17.2.3] injecting env (0) from backend/.env -- tip: üë• sync secrets across teammates & machines: https://dotenvx.com/ops
[dotenv@17.2.3] injecting env (0) from .env -- tip: üì° add observability to secrets: https://dotenvx.com/ops
[DEBUG] Database Configuration:
Dialect: postgres
Host: aws-1-ap-northeast-2.pooler.supabase.com
Port: 5432
Database: postgres
User: postgres.yqzwfbufcmxzeqfbdlpf
SSL: true
SSL Reject Unauthorized: true
SSL Config: {
  ""require"": true,
  ""rejectUnauthorized"": true
}
Error: Please install pg package manually
    at ConnectionManager._loadDialectModule (/var/task/backend/node_modules/sequelize/lib/dialects/abstract/connection-manager.js:55:15)
    at new ConnectionManager (/var/task/backend/node_modules/sequelize/lib/dialects/postgres/connection-manager.js:15:24)
    at new PostgresDialect (/var/task/backend/node_modules/sequelize/lib/dialects/postgres/index.js:13:30)
    at new Sequelize (/var/task/backend/node_modules/sequelize/lib/sequelize.js:194:20)
    at Object.<anonymous> (/var/task/backend/models/index.js:74:19)
    at Module.<anonymous> (/opt/rust/bytecode.js:2:1435)
    at A.l._compile (/opt/rust/bytecode.js:2:3182)
    at Object..js (node:internal/modules/cjs/loader:1839:10)
    at Module.load (node:internal/modules/cjs/loader:1441:32)
    at Function.<anonymous> (node:internal/modules/cjs/loader:1263:12)
Node.js process exited with exit status: 1. The logs above can help with debugging the issue.","prj_lDoEi9FfSoQ7g3ULmUEpdLvMO42v","","","01KAVH8DX51FQATR5XNKC2WAK7","",-1
"2025-11-24 18:15:46",1764008146853,"inventory.apexitsolutions.co/api/api/login","POST","",500,"v57np-1764008146751-419b634e52e0","Mozilla/5.0 (Windows NT 10.0; Win64; x64) AppleWebKit/537.36 (KHTML, like Gecko) Chrome/142.0.0.0 Safari/537.36","error","production","vercel-deploy","","lambda","/backend/server.js","inventory.apexitsolutions.co","inventory.apexitsolutions.co","dpl_6ibpUaJAQ8puz3gEFqiMitoA7zEy",1026,"iad1",143,2048,"","prj_lDoEi9FfSoQ7g3ULmUEpdLvMO42v","","","01KAVH8DX51FQATR5XNKC2WAK7","",1
"2025-11-24 18:15:44",1764008144562,"inventory.apexitsolutions.co/api/api/login","POST","",-1,"5pb2r-1764008143383-179ee67d2bd1","Mozilla/5.0 (Windows NT 10.0; Win64; x64) AppleWebKit/537.36 (KHTML, like Gecko) Chrome/142.0.0.0 Safari/537.36","error","production","vercel-deploy","","lambda","/backend/server.js","inventory.apexitsolutions.co","inventory.apexitsolutions.co","dpl_6ibpUaJAQ8puz3gEFqiMitoA7zEy",-1,"iad1",-1,-1,"[dotenv@17.2.3] injecting env (0) from backend/.env -- tip: üîê prevent building .env in docker: https://dotenvx.com/prebuild
[dotenv@17.2.3] injecting env (0) from .env -- tip: üõ†Ô∏è  run anywhere with `dotenvx run -- yourcommand`
[DEBUG] Database Configuration:
Dialect: postgres
Host: aws-1-ap-northeast-2.pooler.supabase.com
Port: 5432
Database: postgres
User: postgres.yqzwfbufcmxzeqfbdlpf
SSL: true
SSL Reject Unauthorized: true
SSL Config: {
  ""require"": true,
  ""rejectUnauthorized"": true
}
[dotenv@17.2.3] injecting env (0) from backend/.env -- tip: ‚öôÔ∏è  override existing env vars with { override: true }
[dotenv@17.2.3] injecting env (0) from .env -- tip: üîÑ add secrets lifecycle management: https://dotenvx.com/ops
[DEBUG] Database Configuration:
Dialect: postgres
Host: aws-1-ap-northeast-2.pooler.supabase.com
Port: 5432
Database: postgres
User: postgres.yqzwfbufcmxzeqfbdlpf
SSL: true
SSL Reject Unauthorized: true
SSL Config: {
  ""require"": true,
  ""rejectUnauthorized"": true
}
Error: Please install pg package manually
    at ConnectionManager._loadDialectModule (/var/task/backend/node_modules/sequelize/lib/dialects/abstract/connection-manager.js:55:15)
    at new ConnectionManager (/var/task/backend/node_modules/sequelize/lib/dialects/postgres/connection-manager.js:15:24)
    at new PostgresDialect (/var/task/backend/node_modules/sequelize/lib/dialects/postgres/index.js:13:30)
    at new Sequelize (/var/task/backend/node_modules/sequelize/lib/sequelize.js:194:20)
    at Object.<anonymous> (/var/task/backend/models/index.js:74:19)
    at Module.<anonymous> (/opt/rust/bytecode.js:2:1435)
    at A.l._compile (/opt/rust/bytecode.js:2:3182)
    at Object..js (node:internal/modules/cjs/loader:1839:10)
    at Module.load (node:internal/modules/cjs/loader:1441:32)
    at Function.<anonymous> (node:internal/modules/cjs/loader:1263:12)
Node.js process exited with exit status: 1. The logs above can help with debugging the issue.","prj_lDoEi9FfSoQ7g3ULmUEpdLvMO42v","","","01KAVH8AM3XCHHEY11REFXM6Q4","",-1
"2025-11-24 18:15:43",1764008143651,"inventory.apexitsolutions.co/api/api/settings/business/public","GET","",-1,"7vfhw-1764008142333-d27e82bb75b2","Mozilla/5.0 (Windows NT 10.0; Win64; x64) AppleWebKit/537.36 (KHTML, like Gecko) Chrome/142.0.0.0 Safari/537.36","error","production","vercel-deploy","","lambda","/backend/server.js","inventory.apexitsolutions.co","inventory.apexitsolutions.co","dpl_6ibpUaJAQ8puz3gEFqiMitoA7zEy",-1,"iad1",-1,-1,"[dotenv@17.2.3] injecting env (0) from backend/.env -- tip: üõ†Ô∏è  run anywhere with `dotenvx run -- yourcommand`
[dotenv@17.2.3] injecting env (0) from .env -- tip: üîë add access controls to secrets: https://dotenvx.com/ops
[DEBUG] Database Configuration:
Dialect: postgres
Host: aws-1-ap-northeast-2.pooler.supabase.com
Port: 5432
Database: postgres
User: postgres.yqzwfbufcmxzeqfbdlpf
SSL: true
SSL Reject Unauthorized: true
SSL Config: {
  ""require"": true,
  ""rejectUnauthorized"": true
}
[dotenv@17.2.3] injecting env (0) from backend/.env -- tip: ‚öôÔ∏è  write to custom object with { processEnv: myObject }
[dotenv@17.2.3] injecting env (0) from .env -- tip: üóÇÔ∏è backup and recover secrets: https://dotenvx.com/ops
[DEBUG] Database Configuration:
Dialect: postgres
Host: aws-1-ap-northeast-2.pooler.supabase.com
Port: 5432
Database: postgres
User: postgres.yqzwfbufcmxzeqfbdlpf
SSL: true
SSL Reject Unauthorized: true
SSL Config: {
  ""require"": true,
  ""rejectUnauthorized"": true
}
Error: Please install pg package manually
    at ConnectionManager._loadDialectModule (/var/task/backend/node_modules/sequelize/lib/dialects/abstract/connection-manager.js:55:15)
    at new ConnectionManager (/var/task/backend/node_modules/sequelize/lib/dialects/postgres/connection-manager.js:15:24)
    at new PostgresDialect (/var/task/backend/node_modules/sequelize/lib/dialects/postgres/index.js:13:30)
    at new Sequelize (/var/task/backend/node_modules/sequelize/lib/sequelize.js:194:20)
    at Object.<anonymous> (/var/task/backend/models/index.js:74:19)
    at Module.<anonymous> (/opt/rust/bytecode.js:2:1435)
    at A.l._compile (/opt/rust/bytecode.js:2:3182)
    at Object..js (node:internal/modules/cjs/loader:1839:10)
    at Module.load (node:internal/modules/cjs/loader:1441:32)
    at Function.<anonymous> (node:internal/modules/cjs/loader:1263:12)
Node.js process exited with exit status: 1. The logs above can help with debugging the issue.","prj_lDoEi9FfSoQ7g3ULmUEpdLvMO42v","","","01KAVH89K3WCSGX4CFHTM9RXYS","",-1
"2025-11-24 18:15:43",1764008143491,"inventory.apexitsolutions.co/api/api/login","POST","",500,"5pb2r-1764008143383-179ee67d2bd1","Mozilla/5.0 (Windows NT 10.0; Win64; x64) AppleWebKit/537.36 (KHTML, like Gecko) Chrome/142.0.0.0 Safari/537.36","error","production","vercel-deploy","","lambda","/backend/server.js","inventory.apexitsolutions.co","inventory.apexitsolutions.co","dpl_6ibpUaJAQ8puz3gEFqiMitoA7zEy",1050,"iad1",145,2048,"","prj_lDoEi9FfSoQ7g3ULmUEpdLvMO42v","","","01KAVH8AM3XCHHEY11REFXM6Q4","",1
"2025-11-24 18:15:42",1764008142435,"inventory.apexitsolutions.co/api/api/settings/business/public","GET","",500,"7vfhw-1764008142333-d27e82bb75b2","Mozilla/5.0 (Windows NT 10.0; Win64; x64) AppleWebKit/537.36 (KHTML, like Gecko) Chrome/142.0.0.0 Safari/537.36","error","production","vercel-deploy","","lambda","/backend/server.js","inventory.apexitsolutions.co","inventory.apexitsolutions.co","dpl_6ibpUaJAQ8puz3gEFqiMitoA7zEy",1200,"iad1",144,2048,"","prj_lDoEi9FfSoQ7g3ULmUEpdLvMO42v","","","01KAVH89K3WCSGX4CFHTM9RXYS","",1
"2025-11-24 18:15:42",1764008142232,"inventory.apexitsolutions.co/api/api/login","POST","",-1,"5pb2r-1764008139313-0efaf5a27116","Mozilla/5.0 (Windows NT 10.0; Win64; x64) AppleWebKit/537.36 (KHTML, like Gecko) Chrome/142.0.0.0 Safari/537.36","error","production","vercel-deploy","","lambda","/backend/server.js","inventory.apexitsolutions.co","inventory.apexitsolutions.co","dpl_6ibpUaJAQ8puz3gEFqiMitoA7zEy",-1,"iad1",-1,-1,"
User: postgres.yqzwfbufcmxzeqfbdlpf
SSL: true
SSL Reject Unauthorized: true
SSL Config: {
  ""require"": true,
  ""rejectUnauthorized"": true
}
[dotenv@17.2.3] injecting env (0) from backend/.env -- tip: üõ†Ô∏è  run anywhere with `dotenvx run -- yourcommand`
[dotenv@17.2.3] injecting env (0) from .env -- tip: üîÑ add secrets lifecycle management: https://dotenvx.com/ops
[DEBUG] Database Configuration:
Dialect: postgres
Host: aws-1-ap-northeast-2.pooler.supabase.com
Port: 5432
Database: postgres
User: postgres.yqzwfbufcmxzeqfbdlpf
SSL: true
SSL Reject Unauthorized: true
SSL Config: {
  ""require"": true,
  ""rejectUnauthorized"": true
}
Error: Please install pg package manually
    at ConnectionManager._loadDialectModule (/var/task/backend/node_modules/sequelize/lib/dialects/abstract/connection-manager.js:55:15)
    at new ConnectionManager (/var/task/backend/node_modules/sequelize/lib/dialects/postgres/connection-manager.js:15:24)
    at new PostgresDialect (/var/task/backend/node_modules/sequelize/lib/dialects/postgres/index.js:13:30)
    at new Sequelize (/var/task/backend/node_modules/sequelize/lib/sequelize.js:194:20)
    at Object.<anonymous> (/var/task/backend/models/index.js:74:19)
    at Module.<anonymous> (/opt/rust/bytecode.js:2:1435)
    at A.l._compile (/opt/rust/bytecode.js:2:3182)
    at Object..js (node:internal/modules/cjs/loader:1839:10)
    at Module.load (node:internal/modules/cjs/loader:1441:32)
    at Function.<anonymous> (node:internal/modules/cjs/loader:1263:12)
Node.js process exited with exit status: 1. The logs above can help with debugging the issue.
[dotenv@17.2.3] injecting env (0) from backend/.env -- tip: üîê prevent committing .env to code: https://dotenvx.com/precommit
[dotenv@17.2.3] injecting env (0) from .env -- tip: ‚öôÔ∏è  load multiple .env files with { path: ['.env.local', '.env'] }
[DEBUG] Database Configuration:
Dialect: postgres
Host: aws-1-ap-northeast-2.pooler.supabase.com
Port: 5432
Database: postgres
User: postgres.yqzwfbufcmxzeqfbdlpf
SSL: true
SSL Reject Unauthorized: true
SSL Config: {
  ""require"": true,
  ""rejectUnauthorized"": true
}
[dotenv@17.2.3] injecting env (0) from backend/.env -- tip: ‚öôÔ∏è  specify custom .env file path with { path: '/custom/path/.env' }
[dotenv@17.2.3] injecting env (0) from .env -- tip: ‚úÖ audit secrets and track compliance: https://dotenvx.com/ops
[DEBUG] Database Configuration:
Dialect: postgres
Host: aws-1-ap-northeast-2.pooler.supabase.com
Port: 5432
Database: postgres
User: postgres.yqzwfbufcmxzeqfbdlpf
SSL: true
SSL Reject Unauthorized: true
SSL Config: {
  ""require"": true,
  ""rejectUnauthorized"": true
}
Error: Please install pg package manually
    at ConnectionManager._loadDialectModule (/var/task/backend/node_modules/sequelize/lib/dialects/abstract/connection-manager.js:55:15)
    at new ConnectionManager (/var/task/backend/node_modules/sequelize/lib/dialects/postgres/connection-manager.js:15:24)
    at new PostgresDialect (/var/task/backend/node_modules/sequelize/lib/dialects/postgres/index.js:13:30)
    at new Sequelize (/var/task/backend/node_modules/sequelize/lib/sequelize.js:194:20)
    at Object.<anonymous> (/var/task/backend/models/index.js:74:19)
    at Module.<anonymous> (/opt/rust/bytecode.js:2:1435)
    at A.l._compile (/opt/rust/bytecode.js:2:3182)
    at Object..js (node:internal/modules/cjs/loader:1839:10)
    at Module.load (node:internal/modules/cjs/loader:1441:32)
    at Function.<anonymous> (node:internal/modules/cjs/loader:1263:12)
Node.js process exited with exit status: 1. The logs above can help with debugging the issue.","prj_lDoEi9FfSoQ7g3ULmUEpdLvMO42v","","","01KAVH86MQZESN1XQPD01SAKPD","",-1
"2025-11-24 18:15:40",1764008140146,"inventory.apexitsolutions.co/api/api/settings/business/public","GET","",-1,"2vnp5-1764008138982-27e7a24d00e8","Mozilla/5.0 (Windows NT 10.0; Win64; x64) AppleWebKit/537.36 (KHTML, like Gecko) Chrome/142.0.0.0 Safari/537.36","error","production","vercel-deploy","","lambda","/backend/server.js","inventory.apexitsolutions.co","inventory.apexitsolutions.co","dpl_6ibpUaJAQ8puz3gEFqiMitoA7zEy",-1,"iad1",-1,-1,"[dotenv@17.2.3] injecting env (0) from backend/.env -- tip: ‚öôÔ∏è  write to custom object with { processEnv: myObject }
[dotenv@17.2.3] injecting env (0) from .env -- tip: üîê prevent committing .env to code: https://dotenvx.com/precommit
[DEBUG] Database Configuration:
Dialect: postgres
Host: aws-1-ap-northeast-2.pooler.supabase.com
Port: 5432
Database: postgres
User: postgres.yqzwfbufcmxzeqfbdlpf
SSL: true
SSL Reject Unauthorized: true
SSL Config: {
  ""require"": true,
  ""rejectUnauthorized"": true
}
[dotenv@17.2.3] injecting env (0) from backend/.env -- tip: ‚öôÔ∏è  specify custom .env file path with { path: '/custom/path/.env' }
[dotenv@17.2.3] injecting env (0) from .env -- tip: üîê encrypt with Dotenvx: https://dotenvx.com
[DEBUG] Database Configuration:
Dialect: postgres
Host: aws-1-ap-northeast-2.pooler.supabase.com
Port: 5432
Database: postgres
User: postgres.yqzwfbufcmxzeqfbdlpf
SSL: true
SSL Reject Unauthorized: true
SSL Config: {
  ""require"": true,
  ""rejectUnauthorized"": true
}
Error: Please install pg package manually
    at ConnectionManager._loadDialectModule (/var/task/backend/node_modules/sequelize/lib/dialects/abstract/connection-manager.js:55:15)
    at new ConnectionManager (/var/task/backend/node_modules/sequelize/lib/dialects/postgres/connection-manager.js:15:24)
    at new PostgresDialect (/var/task/backend/node_modules/sequelize/lib/dialects/postgres/index.js:13:30)
    at new Sequelize (/var/task/backend/node_modules/sequelize/lib/sequelize.js:194:20)
    at Object.<anonymous> (/var/task/backend/models/index.js:74:19)
    at Module.<anonymous> (/opt/rust/bytecode.js:2:1435)
    at A.l._compile (/opt/rust/bytecode.js:2:3182)
    at Object..js (node:internal/modules/cjs/loader:1839:10)
    at Module.load (node:internal/modules/cjs/loader:1441:32)
    at Function.<anonymous> (node:internal/modules/cjs/loader:1263:12)
Node.js process exited with exit status: 1. The logs above can help with debugging the issue.","prj_lDoEi9FfSoQ7g3ULmUEpdLvMO42v","","","01KAVH86AERB8GF4YN9RJ22MV5","",-1
"2025-11-24 18:15:39",1764008139415,"inventory.apexitsolutions.co/api/api/login","POST","",500,"5pb2r-1764008139313-0efaf5a27116","Mozilla/5.0 (Windows NT 10.0; Win64; x64) AppleWebKit/537.36 (KHTML, like Gecko) Chrome/142.0.0.0 Safari/537.36","error","production","vercel-deploy","","lambda","/backend/server.js","inventory.apexitsolutions.co","inventory.apexitsolutions.co","dpl_6ibpUaJAQ8puz3gEFqiMitoA7zEy",1249,"iad1",145,2048,"","prj_lDoEi9FfSoQ7g3ULmUEpdLvMO42v","","","01KAVH86MQZESN1XQPD01SAKPD","",1
"2025-11-24 18:15:39",1764008139086,"inventory.apexitsolutions.co/api/api/settings/business/public","GET","",500,"2vnp5-1764008138982-27e7a24d00e8","Mozilla/5.0 (Windows NT 10.0; Win64; x64) AppleWebKit/537.36 (KHTML, like Gecko) Chrome/142.0.0.0 Safari/537.36","error","production","vercel-deploy","","lambda","/backend/server.js","inventory.apexitsolutions.co","inventory.apexitsolutions.co","dpl_6ibpUaJAQ8puz3gEFqiMitoA7zEy",1038,"iad1",143,2048,"","prj_lDoEi9FfSoQ7g3ULmUEpdLvMO42v","","","01KAVH86AERB8GF4YN9RJ22MV5","",1
"2025-11-24 18:15:37",1764008137764,"inventory.apexitsolutions.co/api/api/settings/business/public","GET","",-1,"vjt2l-1764008136390-f5a351fe08fc","Mozilla/5.0 (Windows NT 10.0; Win64; x64) AppleWebKit/537.36 (KHTML, like Gecko) Chrome/142.0.0.0 Safari/537.36","error","production","vercel-deploy","","lambda","/backend/server.js","inventory.apexitsolutions.co","inventory.apexitsolutions.co","dpl_6ibpUaJAQ8puz3gEFqiMitoA7zEy",-1,"iad1",-1,-1,"[dotenv@17.2.3] injecting env (0) from backend/.env -- tip: üì° add observability to secrets: https://dotenvx.com/ops
[dotenv@17.2.3] injecting env (0) from .env -- tip: üóÇÔ∏è backup and recover secrets: https://dotenvx.com/ops
[DEBUG] Database Configuration:
Dialect: postgres
Host: aws-1-ap-northeast-2.pooler.supabase.com
Port: 5432
Database: postgres
User: postgres.yqzwfbufcmxzeqfbdlpf
SSL: true
SSL Reject Unauthorized: true
SSL Config: {
  ""require"": true,
  ""rejectUnauthorized"": true
}
[dotenv@17.2.3] injecting env (0) from backend/.env -- tip: üóÇÔ∏è backup and recover secrets: https://dotenvx.com/ops
[dotenv@17.2.3] injecting env (0) from .env -- tip: üõ†Ô∏è  run anywhere with `dotenvx run -- yourcommand`
[DEBUG] Database Configuration:
Dialect: postgres
Host: aws-1-ap-northeast-2.pooler.supabase.com
Port: 5432
Database: postgres
User: postgres.yqzwfbufcmxzeqfbdlpf
SSL: true
SSL Reject Unauthorized: true
SSL Config: {
  ""require"": true,
  ""rejectUnauthorized"": true
}
Error: Please install pg package manually
    at ConnectionManager._loadDialectModule (/var/task/backend/node_modules/sequelize/lib/dialects/abstract/connection-manager.js:55:15)
    at new ConnectionManager (/var/task/backend/node_modules/sequelize/lib/dialects/postgres/connection-manager.js:15:24)
    at new PostgresDialect (/var/task/backend/node_modules/sequelize/lib/dialects/postgres/index.js:13:30)
    at new Sequelize (/var/task/backend/node_modules/sequelize/lib/sequelize.js:194:20)
    at Object.<anonymous> (/var/task/backend/models/index.js:74:19)
    at Module.<anonymous> (/opt/rust/bytecode.js:2:1435)
    at A.l._compile (/opt/rust/bytecode.js:2:3182)
    at Object..js (node:internal/modules/cjs/loader:1839:10)
    at Module.load (node:internal/modules/cjs/loader:1441:32)
    at Function.<anonymous> (node:internal/modules/cjs/loader:1263:12)
Node.js process exited with exit status: 1. The logs above can help with debugging the issue.","prj_lDoEi9FfSoQ7g3ULmUEpdLvMO42v","","","01KAVH8409W5NW2YFXF2GH8VJK","",-1
"2025-11-24 18:15:36",1764008136713,"inventory.apexitsolutions.co/api/api/settings/business/public","GET","",500,"vjt2l-1764008136390-f5a351fe08fc","Mozilla/5.0 (Windows NT 10.0; Win64; x64) AppleWebKit/537.36 (KHTML, like Gecko) Chrome/142.0.0.0 Safari/537.36","error","production","vercel-deploy","","lambda","/backend/server.js","inventory.apexitsolutions.co","inventory.apexitsolutions.co","dpl_6ibpUaJAQ8puz3gEFqiMitoA7zEy",1037,"iad1",144,2048,"","prj_lDoEi9FfSoQ7g3ULmUEpdLvMO42v","","","01KAVH8409W5NW2YFXF2GH8VJK","",1
"2025-11-24 18:15:14",1764008114587,"inventory.apexitsolutions.co/api/swagger.json","GET","",-1,"xhd78-1764008113476-3cf761a01b68","Mozilla/5.0 (l9scan/2.0.13e29373e2839313e2631323; +https://leakix.net)","error","production","vercel-deploy","","lambda","/backend/server.js","inventory.apexitsolutions.co","inventory.apexitsolutions.co","dpl_6ibpUaJAQ8puz3gEFqiMitoA7zEy",-1,"iad1",-1,-1,"[dotenv@17.2.3] injecting env (0) from backend/.env -- tip: üîê prevent building .env in docker: https://dotenvx.com/prebuild
[dotenv@17.2.3] injecting env (0) from .env -- tip: üì° add observability to secrets: https://dotenvx.com/ops
[DEBUG] Database Configuration:
Dialect: postgres
Host: aws-1-ap-northeast-2.pooler.supabase.com
Port: 5432
Database: postgres
User: postgres.yqzwfbufcmxzeqfbdlpf
SSL: true
SSL Reject Unauthorized: true
SSL Config: {
  ""require"": true,
  ""rejectUnauthorized"": true
}
[dotenv@17.2.3] injecting env (0) from backend/.env -- tip: üîê prevent building .env in docker: https://dotenvx.com/prebuild
[dotenv@17.2.3] injecting env (0) from .env -- tip: üîê prevent building .env in docker: https://dotenvx.com/prebuild
[DEBUG] Database Configuration:
Dialect: postgres
Host: aws-1-ap-northeast-2.pooler.supabase.com
Port: 5432
Database: postgres
User: postgres.yqzwfbufcmxzeqfbdlpf
SSL: true
SSL Reject Unauthorized: true
SSL Config: {
  ""require"": true,
  ""rejectUnauthorized"": true
}
Error: Please install pg package manually
    at ConnectionManager._loadDialectModule (/var/task/backend/node_modules/sequelize/lib/dialects/abstract/connection-manager.js:55:15)
    at new ConnectionManager (/var/task/backend/node_modules/sequelize/lib/dialects/postgres/connection-manager.js:15:24)
    at new PostgresDialect (/var/task/backend/node_modules/sequelize/lib/dialects/postgres/index.js:13:30)
    at new Sequelize (/var/task/backend/node_modules/sequelize/lib/sequelize.js:194:20)
    at Object.<anonymous> (/var/task/backend/models/index.js:74:19)
    at Module.<anonymous> (/opt/rust/bytecode.js:2:1435)
    at A.l._compile (/opt/rust/bytecode.js:2:3182)
    at Object..js (node:internal/modules/cjs/loader:1839:10)
    at Module.load (node:internal/modules/cjs/loader:1441:32)
    at Function.<anonymous> (node:internal/modules/cjs/loader:1263:12)
Node.js process exited with exit status: 1. The logs above can help with debugging the issue.","prj_lDoEi9FfSoQ7g3ULmUEpdLvMO42v","","","01KAVH7DBT8YBR8G3J0QQ76HFJ","",-1
"2025-11-24 18:15:13",1764008113530,"inventory.apexitsolutions.co/api/swagger.json","GET","",500,"xhd78-1764008113476-3cf761a01b68","Mozilla/5.0 (l9scan/2.0.13e29373e2839313e2631323; +https://leakix.net)","error","production","vercel-deploy","","lambda","/backend/server.js","inventory.apexitsolutions.co","inventory.apexitsolutions.co","dpl_6ibpUaJAQ8puz3gEFqiMitoA7zEy",1041,"iad1",145,2048,"","prj_lDoEi9FfSoQ7g3ULmUEpdLvMO42v","","","01KAVH7DBT8YBR8G3J0QQ76HFJ","",1
"2025-11-24 18:15:07",1764008107715,"inventory.apexitsolutions.co/api/gql","POST","",-1,"gc4fn-1764008106449-f83527a4e086","Mozilla/5.0 (l9scan/2.0.13e29373e2839313e2631323; +https://leakix.net)","error","production","vercel-deploy","","lambda","/backend/server.js","inventory.apexitsolutions.co","inventory.apexitsolutions.co","dpl_6ibpUaJAQ8puz3gEFqiMitoA7zEy",-1,"iad1",-1,-1,"[dotenv@17.2.3] injecting env (0) from backend/.env -- tip: üîë add access controls to secrets: https://dotenvx.com/ops
[dotenv@17.2.3] injecting env (0) from .env -- tip: ‚úÖ audit secrets and track compliance: https://dotenvx.com/ops
[DEBUG] Database Configuration:
Dialect: postgres
Host: aws-1-ap-northeast-2.pooler.supabase.com
Port: 5432
Database: postgres
User: postgres.yqzwfbufcmxzeqfbdlpf
SSL: true
SSL Reject Unauthorized: true
SSL Config: {
  ""require"": true,
  ""rejectUnauthorized"": true
}
[dotenv@17.2.3] injecting env (0) from backend/.env -- tip: ‚öôÔ∏è  write to custom object with { processEnv: myObject }
[dotenv@17.2.3] injecting env (0) from .env -- tip: ‚öôÔ∏è  suppress all logs with { quiet: true }
[DEBUG] Database Configuration:
Dialect: postgres
Host: aws-1-ap-northeast-2.pooler.supabase.com
Port: 5432
Database: postgres
User: postgres.yqzwfbufcmxzeqfbdlpf
SSL: true
SSL Reject Unauthorized: true
SSL Config: {
  ""require"": true,
  ""rejectUnauthorized"": true
}
Error: Please install pg package manually
    at ConnectionManager._loadDialectModule (/var/task/backend/node_modules/sequelize/lib/dialects/abstract/connection-manager.js:55:15)
    at new ConnectionManager (/var/task/backend/node_modules/sequelize/lib/dialects/postgres/connection-manager.js:15:24)
    at new PostgresDialect (/var/task/backend/node_modules/sequelize/lib/dialects/postgres/index.js:13:30)
    at new Sequelize (/var/task/backend/node_modules/sequelize/lib/sequelize.js:194:20)
    at Object.<anonymous> (/var/task/backend/models/index.js:74:19)
    at Module.<anonymous> (/opt/rust/bytecode.js:2:1435)
    at A.l._compile (/opt/rust/bytecode.js:2:3182)
    at Object..js (node:internal/modules/cjs/loader:1839:10)
    at Module.load (node:internal/modules/cjs/loader:1441:32)
    at Function.<anonymous> (node:internal/modules/cjs/loader:1263:12)
Node.js process exited with exit status: 1. The logs above can help with debugging the issue.","prj_lDoEi9FfSoQ7g3ULmUEpdLvMO42v","","","01KAVH76MHQW1JHWQMEBXYZXR9","",-1
"2025-11-24 18:15:06",1764008106641,"inventory.apexitsolutions.co/api/gql","POST","",500,"gc4fn-1764008106449-f83527a4e086","Mozilla/5.0 (l9scan/2.0.13e29373e2839313e2631323; +https://leakix.net)","error","production","vercel-deploy","","lambda","/backend/server.js","inventory.apexitsolutions.co","inventory.apexitsolutions.co","dpl_6ibpUaJAQ8puz3gEFqiMitoA7zEy",1053,"iad1",145,2048,"","prj_lDoEi9FfSoQ7g3ULmUEpdLvMO42v","","","01KAVH76MHQW1JHWQMEBXYZXR9","",1
"2025-11-24 18:15:04",1764008104972,"inventory.apexitsolutions.co/api/graphql","POST","",-1,"pmvmf-1764008103489-8c9aa400cf30","Mozilla/5.0 (l9scan/2.0.13e29373e2839313e2631323; +https://leakix.net)","error","production","vercel-deploy","","lambda","/backend/server.js","inventory.apexitsolutions.co","inventory.apexitsolutions.co","dpl_6ibpUaJAQ8puz3gEFqiMitoA7zEy",-1,"iad1",-1,-1,"[dotenv@17.2.3] injecting env (0) from backend/.env -- tip: ‚úÖ audit secrets and track compliance: https://dotenvx.com/ops
[dotenv@17.2.3] injecting env (0) from .env -- tip: ‚öôÔ∏è  enable debug logging with { debug: true }
[DEBUG] Database Configuration:
Dialect: postgres
Host: aws-1-ap-northeast-2.pooler.supabase.com
Port: 5432
Database: postgres
User: postgres.yqzwfbufcmxzeqfbdlpf
SSL: true
SSL Reject Unauthorized: true
SSL Config: {
  ""require"": true,
  ""rejectUnauthorized"": true
}
[dotenv@17.2.3] injecting env (0) from backend/.env -- tip: üîê prevent committing .env to code: https://dotenvx.com/precommit
[dotenv@17.2.3] injecting env (0) from .env -- tip: üóÇÔ∏è backup and recover secrets: https://dotenvx.com/ops
[DEBUG] Database Configuration:
Dialect: postgres
Host: aws-1-ap-northeast-2.pooler.supabase.com
Port: 5432
Database: postgres
User: postgres.yqzwfbufcmxzeqfbdlpf
SSL: true
SSL Reject Unauthorized: true
SSL Config: {
  ""require"": true,
  ""rejectUnauthorized"": true
}
Error: Please install pg package manually
    at ConnectionManager._loadDialectModule (/var/task/backend/node_modules/sequelize/lib/dialects/abstract/connection-manager.js:55:15)
    at new ConnectionManager (/var/task/backend/node_modules/sequelize/lib/dialects/postgres/connection-manager.js:15:24)
    at new PostgresDialect (/var/task/backend/node_modules/sequelize/lib/dialects/postgres/index.js:13:30)
    at new Sequelize (/var/task/backend/node_modules/sequelize/lib/sequelize.js:194:20)
    at Object.<anonymous> (/var/task/backend/models/index.js:74:19)
    at Module.<anonymous> (/opt/rust/bytecode.js:2:1435)
    at A.l._compile (/opt/rust/bytecode.js:2:3182)
    at Object..js (node:internal/modules/cjs/loader:1839:10)
    at Module.load (node:internal/modules/cjs/loader:1441:32)
    at Function.<anonymous> (node:internal/modules/cjs/loader:1263:12)
Node.js process exited with exit status: 1. The logs above can help with debugging the issue.","prj_lDoEi9FfSoQ7g3ULmUEpdLvMO42v","","","01KAVH73YX8Y66N31W27NB1B6Z","",-1
"2025-11-24 18:15:03",1764008103901,"inventory.apexitsolutions.co/api/graphql","POST","",500,"pmvmf-1764008103489-8c9aa400cf30","Mozilla/5.0 (l9scan/2.0.13e29373e2839313e2631323; +https://leakix.net)","error","production","vercel-deploy","","lambda","/backend/server.js","inventory.apexitsolutions.co","inventory.apexitsolutions.co","dpl_6ibpUaJAQ8puz3gEFqiMitoA7zEy",1047,"iad1",144,2048,"","prj_lDoEi9FfSoQ7g3ULmUEpdLvMO42v","","","01KAVH73YX8Y66N31W27NB1B6Z","",1
"2025-11-24 18:14:44",1764008084157,"inventory.apexitsolutions.co/api/swagger.json","GET","",-1,"5wg4d-1764008083077-194d6d6e3281","Mozilla/5.0 (l9scan/2.0.13e27313e29323e24363; +https://leakix.net)","error","production","vercel-deploy","","lambda","/backend/server.js","inventory.apexitsolutions.co","inventory.apexitsolutions.co","dpl_6ibpUaJAQ8puz3gEFqiMitoA7zEy",-1,"iad1",-1,-1,"[dotenv@17.2.3] injecting env (0) from backend/.env -- tip: üîÑ add secrets lifecycle management: https://dotenvx.com/ops
[dotenv@17.2.3] injecting env (0) from .env -- tip: üë• sync secrets across teammates & machines: https://dotenvx.com/ops
[DEBUG] Database Configuration:
Dialect: postgres
Host: aws-1-ap-northeast-2.pooler.supabase.com
Port: 5432
Database: postgres
User: postgres.yqzwfbufcmxzeqfbdlpf
SSL: true
SSL Reject Unauthorized: true
SSL Config: {
  ""require"": true,
  ""rejectUnauthorized"": true
}
[dotenv@17.2.3] injecting env (0) from backend/.env -- tip: ‚öôÔ∏è  suppress all logs with { quiet: true }
[dotenv@17.2.3] injecting env (0) from .env -- tip: ‚öôÔ∏è  specify custom .env file path with { path: '/custom/path/.env' }
[DEBUG] Database Configuration:
Dialect: postgres
Host: aws-1-ap-northeast-2.pooler.supabase.com
Port: 5432
Database: postgres
User: postgres.yqzwfbufcmxzeqfbdlpf
SSL: true
SSL Reject Unauthorized: true
SSL Config: {
  ""require"": true,
  ""rejectUnauthorized"": true
}
Error: Please install pg package manually
    at ConnectionManager._loadDialectModule (/var/task/backend/node_modules/sequelize/lib/dialects/abstract/connection-manager.js:55:15)
    at new ConnectionManager (/var/task/backend/node_modules/sequelize/lib/dialects/postgres/connection-manager.js:15:24)
    at new PostgresDialect (/var/task/backend/node_modules/sequelize/lib/dialects/postgres/index.js:13:30)
    at new Sequelize (/var/task/backend/node_modules/sequelize/lib/sequelize.js:194:20)
    at Object.<anonymous> (/var/task/backend/models/index.js:74:19)
    at Module.<anonymous> (/opt/rust/bytecode.js:2:1435)
    at A.l._compile (/opt/rust/bytecode.js:2:3182)
    at Object..js (node:internal/modules/cjs/loader:1839:10)
    at Module.load (node:internal/modules/cjs/loader:1441:32)
    at Function.<anonymous> (node:internal/modules/cjs/loader:1263:12)
Node.js process exited with exit status: 1. The logs above can help with debugging the issue.","prj_lDoEi9FfSoQ7g3ULmUEpdLvMO42v","","","01KAVH6FNHJ2PYD6KPFDRD3F99","",-1
"2025-11-24 18:14:43",1764008083121,"inventory.apexitsolutions.co/api/swagger.json","GET","",500,"5wg4d-1764008083077-194d6d6e3281","Mozilla/5.0 (l9scan/2.0.13e27313e29323e24363; +https://leakix.net)","error","production","vercel-deploy","","lambda","/backend/server.js","inventory.apexitsolutions.co","inventory.apexitsolutions.co","dpl_6ibpUaJAQ8puz3gEFqiMitoA7zEy",1014,"iad1",145,2048,"","prj_lDoEi9FfSoQ7g3ULmUEpdLvMO42v","","","01KAVH6FNHJ2PYD6KPFDRD3F99","",1
"2025-11-24 18:14:42",1764008082803,"inventory.apexitsolutions.co/api/gql","POST","",-1,"gfjw9-1764008081729-1c7faa22f79d","Mozilla/5.0 (l9scan/2.0.13e27313e29323e24363; +https://leakix.net)","error","production","vercel-deploy","","lambda","/backend/server.js","inventory.apexitsolutions.co","inventory.apexitsolutions.co","dpl_6ibpUaJAQ8puz3gEFqiMitoA7zEy",-1,"iad1",-1,-1,"[dotenv@17.2.3] injecting env (0) from backend/.env -- tip: üë• sync secrets across teammates & machines: https://dotenvx.com/ops
[dotenv@17.2.3] injecting env (0) from .env -- tip: üîÑ add secrets lifecycle management: https://dotenvx.com/ops
[DEBUG] Database Configuration:
Dialect: postgres
Host: aws-1-ap-northeast-2.pooler.supabase.com
Port: 5432
Database: postgres
User: postgres.yqzwfbufcmxzeqfbdlpf
SSL: true
SSL Reject Unauthorized: true
SSL Config: {
  ""require"": true,
  ""rejectUnauthorized"": true
}
[dotenv@17.2.3] injecting env (0) from backend/.env -- tip: üë• sync secrets across teammates & machines: https://dotenvx.com/ops
[dotenv@17.2.3] injecting env (0) from .env -- tip: üîê prevent committing .env to code: https://dotenvx.com/precommit
[DEBUG] Database Configuration:
Dialect: postgres
Host: aws-1-ap-northeast-2.pooler.supabase.com
Port: 5432
Database: postgres
User: postgres.yqzwfbufcmxzeqfbdlpf
SSL: true
SSL Reject Unauthorized: true
SSL Config: {
  ""require"": true,
  ""rejectUnauthorized"": true
}
Error: Please install pg package manually
    at ConnectionManager._loadDialectModule (/var/task/backend/node_modules/sequelize/lib/dialects/abstract/connection-manager.js:55:15)
    at new ConnectionManager (/var/task/backend/node_modules/sequelize/lib/dialects/postgres/connection-manager.js:15:24)
    at new PostgresDialect (/var/task/backend/node_modules/sequelize/lib/dialects/postgres/index.js:13:30)
    at new Sequelize (/var/task/backend/node_modules/sequelize/lib/sequelize.js:194:20)
    at Object.<anonymous> (/var/task/backend/models/index.js:74:19)
    at Module.<anonymous> (/opt/rust/bytecode.js:2:1435)
    at A.l._compile (/opt/rust/bytecode.js:2:3182)
    at Object..js (node:internal/modules/cjs/loader:1839:10)
    at Module.load (node:internal/modules/cjs/loader:1441:32)
    at Function.<anonymous> (node:internal/modules/cjs/loader:1263:12)
Node.js process exited with exit status: 1. The logs above can help with debugging the issue.","prj_lDoEi9FfSoQ7g3ULmUEpdLvMO42v","","","01KAVH6EBDBXNFB97DPMVAW8RQ","",-1
"2025-11-24 18:14:41",1764008081772,"inventory.apexitsolutions.co/api/gql","POST","",500,"gfjw9-1764008081729-1c7faa22f79d","Mozilla/5.0 (l9scan/2.0.13e27313e29323e24363; +https://leakix.net)","error","production","vercel-deploy","","lambda","/backend/server.js","inventory.apexitsolutions.co","inventory.apexitsolutions.co","dpl_6ibpUaJAQ8puz3gEFqiMitoA7zEy",1002,"iad1",146,2048,"","prj_lDoEi9FfSoQ7g3ULmUEpdLvMO42v","","","01KAVH6EBDBXNFB97DPMVAW8RQ","",1
"2025-11-24 18:14:41",1764008081742,"inventory.apexitsolutions.co/api/graphql","POST","",-1,"nxkft-1764008079055-c0f1d50cd6af","Mozilla/5.0 (l9scan/2.0.13e27313e29323e24363; +https://leakix.net)","error","production","vercel-deploy","","lambda","/backend/server.js","inventory.apexitsolutions.co","inventory.apexitsolutions.co","dpl_6ibpUaJAQ8puz3gEFqiMitoA7zEy",-1,"iad1",-1,-1,".supabase.com
Port: 5432
Database: postgres
User: postgres.yqzwfbufcmxzeqfbdlpf
SSL: true
SSL Reject Unauthorized: true
SSL Config: {
  ""require"": true,
  ""rejectUnauthorized"": true
}
[dotenv@17.2.3] injecting env (0) from backend/.env -- tip: ‚öôÔ∏è  specify custom .env file path with { path: '/custom/path/.env' }
[dotenv@17.2.3] injecting env (0) from .env -- tip: üë• sync secrets across teammates & machines: https://dotenvx.com/ops
[DEBUG] Database Configuration:
Dialect: postgres
Host: aws-1-ap-northeast-2.pooler.supabase.com
Port: 5432
Database: postgres
User: postgres.yqzwfbufcmxzeqfbdlpf
SSL: true
SSL Reject Unauthorized: true
SSL Config: {
  ""require"": true,
  ""rejectUnauthorized"": true
}
Error: Please install pg package manually
    at ConnectionManager._loadDialectModule (/var/task/backend/node_modules/sequelize/lib/dialects/abstract/connection-manager.js:55:15)
    at new ConnectionManager (/var/task/backend/node_modules/sequelize/lib/dialects/postgres/connection-manager.js:15:24)
    at new PostgresDialect (/var/task/backend/node_modules/sequelize/lib/dialects/postgres/index.js:13:30)
    at new Sequelize (/var/task/backend/node_modules/sequelize/lib/sequelize.js:194:20)
    at Object.<anonymous> (/var/task/backend/models/index.js:74:19)
    at Module.<anonymous> (/opt/rust/bytecode.js:2:1435)
    at A.l._compile (/opt/rust/bytecode.js:2:3182)
    at Object..js (node:internal/modules/cjs/loader:1839:10)
    at Module.load (node:internal/modules/cjs/loader:1441:32)
    at Function.<anonymous> (node:internal/modules/cjs/loader:1263:12)
Node.js process exited with exit status: 1. The logs above can help with debugging the issue.
[dotenv@17.2.3] injecting env (0) from backend/.env -- tip: üîê encrypt with Dotenvx: https://dotenvx.com
[dotenv@17.2.3] injecting env (0) from .env -- tip: üîê prevent committing .env to code: https://dotenvx.com/precommit
[DEBUG] Database Configuration:
Dialect: postgres
Host: aws-1-ap-northeast-2.pooler.supabase.com
Port: 5432
Database: postgres
User: postgres.yqzwfbufcmxzeqfbdlpf
SSL: true
SSL Reject Unauthorized: true
SSL Config: {
  ""require"": true,
  ""rejectUnauthorized"": true
}
[dotenv@17.2.3] injecting env (0) from backend/.env -- tip: ‚öôÔ∏è  suppress all logs with { quiet: true }
[dotenv@17.2.3] injecting env (0) from .env -- tip: üîê encrypt with Dotenvx: https://dotenvx.com
[DEBUG] Database Configuration:
Dialect: postgres
Host: aws-1-ap-northeast-2.pooler.supabase.com
Port: 5432
Database: postgres
User: postgres.yqzwfbufcmxzeqfbdlpf
SSL: true
SSL Reject Unauthorized: true
SSL Config: {
  ""require"": true,
  ""rejectUnauthorized"": true
}
Error: Please install pg package manually
    at ConnectionManager._loadDialectModule (/var/task/backend/node_modules/sequelize/lib/dialects/abstract/connection-manager.js:55:15)
    at new ConnectionManager (/var/task/backend/node_modules/sequelize/lib/dialects/postgres/connection-manager.js:15:24)
    at new PostgresDialect (/var/task/backend/node_modules/sequelize/lib/dialects/postgres/index.js:13:30)
    at new Sequelize (/var/task/backend/node_modules/sequelize/lib/sequelize.js:194:20)
    at Object.<anonymous> (/var/task/backend/models/index.js:74:19)
    at Module.<anonymous> (/opt/rust/bytecode.js:2:1435)
    at A.l._compile (/opt/rust/bytecode.js:2:3182)
    at Object..js (node:internal/modules/cjs/loader:1839:10)
    at Module.load (node:internal/modules/cjs/loader:1441:32)
    at Function.<anonymous> (node:internal/modules/cjs/loader:1263:12)
Node.js process exited with exit status: 1. The logs above can help with debugging the issue.","prj_lDoEi9FfSoQ7g3ULmUEpdLvMO42v","","","01KAVH6BWJCXPEN68176CRBTFB","",-1
"2025-11-24 18:14:39",1764008079250,"inventory.apexitsolutions.co/api/graphql","POST","",500,"nxkft-1764008079055-c0f1d50cd6af","Mozilla/5.0 (l9scan/2.0.13e27313e29323e24363; +https://leakix.net)","error","production","vercel-deploy","","lambda","/backend/server.js","inventory.apexitsolutions.co","inventory.apexitsolutions.co","dpl_6ibpUaJAQ8puz3gEFqiMitoA7zEy",1003,"iad1",143,2048,"","prj_lDoEi9FfSoQ7g3ULmUEpdLvMO42v","","","01KAVH6BWJCXPEN68176CRBTFB","",1
"2025-11-24 17:51:03",1764006663198,"apexdashboard-756q905gr-usmans-projects-c87d78cc.vercel.app/api/api/settings/business/public","GET","",-1,"zsgq8-1764006660334-23d97a13520e","vercel-screenshot/1.0","error","production","vercel-deploy","","lambda","/backend/server.js","apexdashboard-756q905gr-usmans-projects-c87d78cc.vercel.app","apexdashboard-756q905gr-usmans-projects-c87d78cc.vercel.app","dpl_6ibpUaJAQ8puz3gEFqiMitoA7zEy",-1,"iad1",-1,-1,"ler.supabase.com
Port: 5432
Database: postgres
User: postgres.yqzwfbufcmxzeqfbdlpf
SSL: true
SSL Reject Unauthorized: true
SSL Config: {
  ""require"": true,
  ""rejectUnauthorized"": true
}
[dotenv@17.2.3] injecting env (0) from backend/.env -- tip: ‚úÖ audit secrets and track compliance: https://dotenvx.com/ops
[dotenv@17.2.3] injecting env (0) from .env -- tip: üîê encrypt with Dotenvx: https://dotenvx.com
[DEBUG] Database Configuration:
Dialect: postgres
Host: aws-1-ap-northeast-2.pooler.supabase.com
Port: 5432
Database: postgres
User: postgres.yqzwfbufcmxzeqfbdlpf
SSL: true
SSL Reject Unauthorized: true
SSL Config: {
  ""require"": true,
  ""rejectUnauthorized"": true
}
Error: Please install pg package manually
    at ConnectionManager._loadDialectModule (/var/task/backend/node_modules/sequelize/lib/dialects/abstract/connection-manager.js:55:15)
    at new ConnectionManager (/var/task/backend/node_modules/sequelize/lib/dialects/postgres/connection-manager.js:15:24)
    at new PostgresDialect (/var/task/backend/node_modules/sequelize/lib/dialects/postgres/index.js:13:30)
    at new Sequelize (/var/task/backend/node_modules/sequelize/lib/sequelize.js:194:20)
    at Object.<anonymous> (/var/task/backend/models/index.js:74:19)
    at Module.<anonymous> (/opt/rust/bytecode.js:2:1435)
    at A.l._compile (/opt/rust/bytecode.js:2:3182)
    at Object..js (node:internal/modules/cjs/loader:1839:10)
    at Module.load (node:internal/modules/cjs/loader:1441:32)
    at Function.<anonymous> (node:internal/modules/cjs/loader:1263:12)
Node.js process exited with exit status: 1. The logs above can help with debugging the issue.
[dotenv@17.2.3] injecting env (0) from backend/.env -- tip: ‚öôÔ∏è  specify custom .env file path with { path: '/custom/path/.env' }
[dotenv@17.2.3] injecting env (0) from .env -- tip: ‚öôÔ∏è  load multiple .env files with { path: ['.env.local', '.env'] }
[DEBUG] Database Configuration:
Dialect: postgres
Host: aws-1-ap-northeast-2.pooler.supabase.com
Port: 5432
Database: postgres
User: postgres.yqzwfbufcmxzeqfbdlpf
SSL: true
SSL Reject Unauthorized: true
SSL Config: {
  ""require"": true,
  ""rejectUnauthorized"": true
}
[dotenv@17.2.3] injecting env (0) from backend/.env -- tip: ‚öôÔ∏è  suppress all logs with { quiet: true }
[dotenv@17.2.3] injecting env (0) from .env -- tip: ‚öôÔ∏è  suppress all logs with { quiet: true }
[DEBUG] Database Configuration:
Dialect: postgres
Host: aws-1-ap-northeast-2.pooler.supabase.com
Port: 5432
Database: postgres
User: postgres.yqzwfbufcmxzeqfbdlpf
SSL: true
SSL Reject Unauthorized: true
SSL Config: {
  ""require"": true,
  ""rejectUnauthorized"": true
}
Error: Please install pg package manually
    at ConnectionManager._loadDialectModule (/var/task/backend/node_modules/sequelize/lib/dialects/abstract/connection-manager.js:55:15)
    at new ConnectionManager (/var/task/backend/node_modules/sequelize/lib/dialects/postgres/connection-manager.js:15:24)
    at new PostgresDialect (/var/task/backend/node_modules/sequelize/lib/dialects/postgres/index.js:13:30)
    at new Sequelize (/var/task/backend/node_modules/sequelize/lib/sequelize.js:194:20)
    at Object.<anonymous> (/var/task/backend/models/index.js:74:19)
    at Module.<anonymous> (/opt/rust/bytecode.js:2:1435)
    at A.l._compile (/opt/rust/bytecode.js:2:3182)
    at Object..js (node:internal/modules/cjs/loader:1839:10)
    at Module.load (node:internal/modules/cjs/loader:1441:32)
    at Function.<anonymous> (node:internal/modules/cjs/loader:1263:12)
Node.js process exited with exit status: 1. The logs above can help with debugging the issue.","prj_lDoEi9FfSoQ7g3ULmUEpdLvMO42v","","","01KAVFV2BE3CDAR0PH5F7K5BMA","",-1
"2025-11-24 17:51:01",1764006661718,"apexdashboard-756q905gr-usmans-projects-c87d78cc.vercel.app/api/api/settings/business/public","GET","",-1,"kzg86-1764006660306-63aece740638","vercel-screenshot/1.0","error","production","vercel-deploy","","lambda","/backend/server.js","apexdashboard-756q905gr-usmans-projects-c87d78cc.vercel.app","apexdashboard-756q905gr-usmans-projects-c87d78cc.vercel.app","dpl_6ibpUaJAQ8puz3gEFqiMitoA7zEy",-1,"iad1",-1,-1,"[dotenv@17.2.3] injecting env (0) from backend/.env -- tip: üîê prevent building .env in docker: https://dotenvx.com/prebuild
[dotenv@17.2.3] injecting env (0) from .env -- tip: üîê encrypt with Dotenvx: https://dotenvx.com
[DEBUG] Database Configuration:
Dialect: postgres
Host: aws-1-ap-northeast-2.pooler.supabase.com
Port: 5432
Database: postgres
User: postgres.yqzwfbufcmxzeqfbdlpf
SSL: true
SSL Reject Unauthorized: true
SSL Config: {
  ""require"": true,
  ""rejectUnauthorized"": true
}
[dotenv@17.2.3] injecting env (0) from backend/.env -- tip: üîê prevent building .env in docker: https://dotenvx.com/prebuild
[dotenv@17.2.3] injecting env (0) from .env -- tip: ‚öôÔ∏è  write to custom object with { processEnv: myObject }
[DEBUG] Database Configuration:
Dialect: postgres
Host: aws-1-ap-northeast-2.pooler.supabase.com
Port: 5432
Database: postgres
User: postgres.yqzwfbufcmxzeqfbdlpf
SSL: true
SSL Reject Unauthorized: true
SSL Config: {
  ""require"": true,
  ""rejectUnauthorized"": true
}
Error: Please install pg package manually
    at ConnectionManager._loadDialectModule (/var/task/backend/node_modules/sequelize/lib/dialects/abstract/connection-manager.js:55:15)
    at new ConnectionManager (/var/task/backend/node_modules/sequelize/lib/dialects/postgres/connection-manager.js:15:24)
    at new PostgresDialect (/var/task/backend/node_modules/sequelize/lib/dialects/postgres/index.js:13:30)
    at new Sequelize (/var/task/backend/node_modules/sequelize/lib/sequelize.js:194:20)
    at Object.<anonymous> (/var/task/backend/models/index.js:74:19)
    at Module.<anonymous> (/opt/rust/bytecode.js:2:1435)
    at A.l._compile (/opt/rust/bytecode.js:2:3182)
    at Object..js (node:internal/modules/cjs/loader:1839:10)
    at Module.load (node:internal/modules/cjs/loader:1441:32)
    at Function.<anonymous> (node:internal/modules/cjs/loader:1263:12)
Node.js process exited with exit status: 1. The logs above can help with debugging the issue.","prj_lDoEi9FfSoQ7g3ULmUEpdLvMO42v","","","01KAVFV2BE3CDAR0PH5D8ZGY75","",-1
"2025-11-24 17:51:00",1764006660462,"apexdashboard-756q905gr-usmans-projects-c87d78cc.vercel.app/api/api/settings/business/public","GET","",500,"zsgq8-1764006660334-23d97a13520e","vercel-screenshot/1.0","error","production","vercel-deploy","","lambda","/backend/server.js","apexdashboard-756q905gr-usmans-projects-c87d78cc.vercel.app","apexdashboard-756q905gr-usmans-projects-c87d78cc.vercel.app","dpl_6ibpUaJAQ8puz3gEFqiMitoA7zEy",1217,"iad1",145,2048,"","prj_lDoEi9FfSoQ7g3ULmUEpdLvMO42v","","","01KAVFV2BE3CDAR0PH5F7K5BMA","",1
"2025-11-24 17:51:00",1764006660462,"apexdashboard-756q905gr-usmans-projects-c87d78cc.vercel.app/api/api/settings/business/public","GET","",500,"kzg86-1764006660306-63aece740638","vercel-screenshot/1.0","error","production","vercel-deploy","","lambda","/backend/server.js","apexdashboard-756q905gr-usmans-projects-c87d78cc.vercel.app","apexdashboard-756q905gr-usmans-projects-c87d78cc.vercel.app","dpl_6ibpUaJAQ8puz3gEFqiMitoA7zEy",1234,"iad1",144,2048,"","prj_lDoEi9FfSoQ7g3ULmUEpdLvMO42v","","","01KAVFV2BE3CDAR0PH5D8ZGY75","",1
